standort_id,patch_idx,patch_row,patch_col,patch_x_mm,patch_y_mm,patch_size_px,valid_ratio,roughness_index,var_Nz,surface_entropy_Nz,albedo_variance,skewness_Nz,kurtosis_Nz,edge_mean,edge_std,edge_p95,edge_density_global,std_Nx,std_Ny,albedo_mean,mean_deviation_deg
S001,0,0,0,0,0,193,0.3158742516577626,,,,,,,,,,,,,,
S001,1,0,1,50,0,193,0.4322532148514054,,,,,,,,,,,,,,
S001,2,0,2,100,0,193,0.6279363204381325,,,,,,,,,,,,,,
S001,3,0,3,150,0,193,0.6190501758436469,,,,,,,,,,,,,,
S001,4,0,4,200,0,193,0.6636419769658246,,,,,,,,,,,,,,
S001,5,0,5,250,0,193,0.64186958039142,,,,,,,,,,,,,,
S001,6,0,6,300,0,193,0.437622486509705,,,,,,,,,,,,,,
S001,7,1,0,0,50,193,0.48656339767510537,,,,,,,,,,,,,,
S001,8,1,1,50,50,193,0.7446642862895648,0.34848615135784805,0.0077355713583528996,2.42660970443852,0.0641864463686943,-2.5691630840301514,8.456392288208008,0.28309208154678345,0.2713872790336609,0.8365409970283508,0.10757805177013484,0.25051259994506836,0.24225200712680817,0.8368797898292542,18.957778930664062
S001,9,1,2,100,50,193,0.8850438937958066,0.36894928621372286,0.005803333129733801,2.5028194624037843,0.07674942910671234,-1.9648200273513794,5.153651237487793,0.275980144739151,0.2271159440279007,0.7244584560394287,0.09106075772742439,0.27838319540023804,0.24212883412837982,0.8690466284751892,19.8594913482666
S001,10,1,3,150,50,193,0.9117023275792638,0.39370399485400065,0.0063045453280210495,2.6394345079235975,0.08138400316238403,-1.607615351676941,3.205873489379883,0.2991029620170593,0.23038996756076813,0.7546076774597168,0.1056831566548881,0.2901388108730316,0.2661246061325073,0.8683053255081177,21.61992645263672
S001,11,1,4,200,50,193,0.916507825713442,0.3806012422007421,0.006526601500809193,2.59386096139729,0.08229418843984604,-1.7861833572387695,4.054981231689453,0.3062053918838501,0.24341833591461182,0.7953718304634094,0.11432672310260991,0.2916446626186371,0.24454180896282196,0.8719586730003357,20.928499221801758
S001,12,1,5,250,50,193,0.8631372654299444,0.35991081687862775,0.006059733219444752,2.481031367049599,0.04768776148557663,-2.302175283432007,7.799727439880371,0.2846715450286865,0.24935458600521088,0.7784330248832703,0.09760194084165345,0.269876092672348,0.23812326788902283,0.8102343082427979,19.701171875
S001,13,1,6,300,50,193,0.6856291444065612,,,,,,,,,,,,,,
S001,14,2,0,0,100,193,0.5948079143064243,,,,,,,,,,,,,,
S001,15,2,1,50,100,193,0.8490697736851996,0.37921709114770175,0.007307627238333225,2.6102988133186513,0.08088517189025879,-2.021894693374634,5.257086753845215,0.3151792287826538,0.26583483815193176,0.8542304635047913,0.12663230783823948,0.25990986824035645,0.2761384844779968,0.8500626087188721,21.18946075439453
S001,16,2,2,100,100,193,0.9492603828290692,0.39235992046444845,0.00657987967133522,2.619390249925822,0.0932827740907669,-1.7453038692474365,4.039486885070801,0.31063857674598694,0.25040289759635925,0.8003934621810913,0.11459600101812834,0.2762231230735779,0.27865228056907654,0.8834562301635742,21.254392623901367
S001,17,2,3,150,100,193,0.9760798947622755,0.4014296448595918,0.006393501069396734,2.6562263932896366,0.1054690033197403,-1.3884286880493164,2.0835375785827637,0.3120535910129547,0.2339412122964859,0.7716445922851562,0.11521535838054899,0.3034193813800812,0.26283538341522217,0.9398507475852966,21.721025466918945
S001,18,2,4,200,100,193,0.9829257161266074,0.38912917684424175,0.006119904574006796,2.606547809834585,0.08000985532999039,-1.5722514390945435,3.0849227905273438,0.3053551912307739,0.23492518067359924,0.7701199650764465,0.10976975391254472,0.28568100929260254,0.2642118036746979,0.8958315849304199,21.102718353271484
S001,19,2,5,250,100,193,0.9666568230019598,0.36382711292949527,0.004900822881609201,2.473132948469407,0.06707864254713058,-1.7065471410751343,3.611675262451172,0.28352415561676025,0.22374945878982544,0.7266987562179565,0.09198211458882995,0.2616458237171173,0.25280749797821045,0.8499329090118408,19.595300674438477
S001,20,2,6,300,100,193,0.8423313377540337,0.3262517618906901,0.004020663909614086,2.285338943140378,0.026990754529833794,-2.2457919120788574,7.321181297302246,0.23716749250888824,0.20562699437141418,0.646411657333374,0.06351988781234064,0.2215212732553482,0.23951730132102966,0.7434096932411194,17.67555046081543
S001,21,3,0,0,150,193,0.6880990093693791,,,,,,,,,,,,,,
S001,22,3,1,50,150,193,0.9090982308249886,0.39804830264037677,0.007827259600162506,2.7068082793521997,0.07947328686714172,-1.6827279329299927,3.707036018371582,0.3254415988922119,0.25889840722084045,0.8343602418899536,0.13067359655080765,0.2692811191082001,0.29313841462135315,0.8613234162330627,22.391239166259766
S001,23,3,2,100,150,193,0.9855298128808827,0.3853072565793974,0.005627360660582781,2.5715826738148615,0.10976014286279678,-1.6329896450042725,3.4969873428344727,0.2935435175895691,0.22371725738048553,0.7298603057861328,0.09681285753200762,0.27531519532203674,0.26956117153167725,0.9494794607162476,20.75958824157715
S001,24,3,3,150,150,193,0.9857445837472147,0.4043927219872151,0.006084469147026539,2.664399484907347,0.12394508719444275,-1.2959545850753784,1.6776361465454102,0.31351980566978455,0.2283516377210617,0.7633841037750244,0.11449425349964595,0.28505939245224,0.28683552145957947,0.972455620765686,21.96844482421875
S001,25,3,4,200,150,193,0.9892077639668179,0.39898821285599456,0.00622921995818615,2.649892626935553,0.10992131382226944,-1.359314203262329,1.8964600563049316,0.31154581904411316,0.2357104867696762,0.7775875329971313,0.11645452818411269,0.2804049849510193,0.2838391065597534,0.9630566835403442,21.672382354736328
S001,26,3,5,250,150,193,0.9842948803994738,0.382833963897969,0.005958505440503359,2.5908494032963807,0.08134113252162933,-1.6552858352661133,3.57265567779541,0.303838312625885,0.2320055216550827,0.7620817422866821,0.10544403229325769,0.2725103199481964,0.268886536359787,0.911846935749054,20.925416946411133
S001,27,3,6,300,150,193,0.9402131600848345,0.3476339992143819,0.004640599712729454,2.418472358370839,0.060697492212057114,-1.953552484512329,5.584506034851074,0.2632746994495392,0.2170313000679016,0.6903018951416016,0.07869339272457312,0.23765027523040771,0.2537158727645874,0.8480842709541321,19.08286476135254
S001,28,4,0,0,200,193,0.6712394963623185,,,,,,,,,,,,,,
S001,29,4,1,50,200,193,0.9175548336868103,0.3667019018502381,0.006193600594997406,2.509644652685688,0.08531605452299118,-2.068262815475464,5.774347305297852,0.287259578704834,0.24297314882278442,0.7763716578483582,0.09863069810989525,0.25299081206321716,0.2654542028903961,0.8880212306976318,19.936769485473633
S001,30,4,2,100,200,193,0.9712207039115144,0.38038926354735214,0.005673463921993971,2.55240661901436,0.10033857822418213,-1.5727219581604004,2.850803852081299,0.2874535024166107,0.22583803534507751,0.738169252872467,0.0991790364043453,0.2700415253639221,0.2679058909416199,0.9348194003105164,20.41155433654785
S001,31,4,3,150,200,193,0.9881607559934494,0.40837534574984685,0.006251128856092691,2.6863361257255303,0.10915777832269669,-1.2816808223724365,1.739598274230957,0.3145986795425415,0.23028157651424408,0.7703406810760498,0.11619756574657683,0.2951972782611847,0.2821860909461975,0.9538866877555847,22.300609588623047
S001,32,4,4,200,200,193,0.9923756342452147,0.389681169369234,0.005694422405213118,2.609093557585294,0.11285469681024551,-1.4889264106750488,2.649972438812256,0.30529841780662537,0.23142850399017334,0.7654223442077637,0.10799404842418504,0.28095993399620056,0.2700239419937134,0.9815971255302429,21.279945373535156
S001,33,4,5,250,200,193,0.9766436682863969,0.39024827196968964,0.006181975360959768,2.6251124271814383,0.08136408776044846,-1.6054046154022217,3.4421157836914062,0.31284913420677185,0.236948624253273,0.774103045463562,0.11556117540339207,0.2733141779899597,0.27855533361434937,0.9109812378883362,21.38603401184082
S001,34,4,6,300,200,193,0.9113264785631829,0.38083593609877886,0.006945868954062462,2.6437231759692987,0.06347154080867767,-1.724664568901062,3.878248691558838,0.31817975640296936,0.2534743845462799,0.8192262053489685,0.12469804984386967,0.25840285420417786,0.27975699305534363,0.8676133155822754,21.548166275024414
S001,35,5,0,0,250,193,0.5877204757174689,,,,,,,,,,,,,,
S001,36,5,1,50,250,193,0.8864667507852559,0.35095903559394104,0.005759633146226406,2.40899541906389,0.0713663101196289,-2.3807623386383057,7.5532684326171875,0.26365187764167786,0.2361496090888977,0.7336077094078064,0.08307086614173229,0.24795080721378326,0.24838003516197205,0.8856801986694336,18.83727264404297
S001,37,5,2,100,250,193,0.9471126741657494,0.35776237316599385,0.005330713000148535,2.4324173106003304,0.10537488013505936,-2.175413131713867,6.709600448608398,0.2736418545246124,0.2286301702260971,0.7213845252990723,0.08801269877264095,0.25580886006355286,0.25011146068573,0.9051051735877991,19.144962310791016
S001,38,5,3,150,250,193,0.9672474428843727,0.390814101969633,0.006194108631461859,2.614453703657529,0.10886552184820175,-1.728011131286621,4.016176223754883,0.30090540647506714,0.23236531019210815,0.7561375498771667,0.10125176940797691,0.2795097529888153,0.27314823865890503,0.9367805123329163,21.32352066040039
S001,39,5,4,200,250,193,0.9836774141587694,0.3761665367279349,0.005403205286711454,2.5362555848902075,0.09706664830446243,-1.648665189743042,3.5329203605651855,0.2931790351867676,0.22704409062862396,0.7401692867279053,0.10089790125815344,0.2728230953216553,0.2589764893054962,0.9583234786987305,20.32489585876465
S001,40,5,5,250,250,193,0.9554887379526967,0.3742151229260252,0.006467394530773163,2.573377984641671,0.0915350690484047,-1.860098958015442,4.53993034362793,0.3139055371284485,0.25666260719299316,0.819244384765625,0.11921553201652103,0.26526138186454773,0.26395711302757263,0.9064189195632935,20.626432418823242
S001,41,5,6,300,250,193,0.8462777524228838,0.36600008474814705,0.006934803444892168,2.555862021065228,0.07369951903820038,-2.2061767578125,6.518272399902344,0.3012951612472534,0.2640696167945862,0.8429029583930969,0.11325064238809758,0.2521928548812866,0.26524484157562256,0.8671222925186157,20.589094161987305
S001,42,6,0,0,300,193,0.45695186447958336,,,,,,,,,,,,,,
S001,43,6,1,50,300,193,0.7273752315498403,0.33220236288109156,0.006153900641947985,2.336767280977449,0.0716981515288353,-2.6885855197906494,9.807576179504395,0.252651572227478,0.24261462688446045,0.7248679995536804,0.08119878939986713,0.23313121497631073,0.23666061460971832,0.8691884875297546,18.090944290161133
S001,44,6,2,100,300,193,0.8210958683454589,0.36722683678586815,0.006618158426135778,2.5287813660769207,0.0702316015958786,-2.2700557708740234,7.278502464294434,0.2797749936580658,0.24247588217258453,0.7404602766036987,0.09138466568579369,0.2828115224838257,0.2342502772808075,0.859979510307312,20.285097122192383
S001,45,6,3,150,300,193,0.9111385540551424,0.37865514420370633,0.00689301872625947,2.6112791650945897,0.06956236809492111,-1.825805902481079,4.484781742095947,0.3066152334213257,0.24826036393642426,0.8025118112564087,0.11782904623000089,0.2860102355480194,0.2481488734483719,0.8525416254997253,21.12225914001465
S001,46,6,4,200,300,193,0.8859566699777175,0.38705631818002956,0.007642850279808044,2.6640409901226296,0.07618667930364609,-1.795220136642456,4.129859447479248,0.3201445937156677,0.2588140070438385,0.84053635597229,0.13078391563892003,0.2930120825767517,0.252896249294281,0.8762401342391968,21.766063690185547
S001,47,6,5,250,300,193,0.8308142500469812,0.36026268997389527,0.00655443174764514,2.5222639733018317,0.07442077994346619,-2.0999131202697754,5.5877485275268555,0.29257702827453613,0.2502809464931488,0.7982963919639587,0.1068924289915016,0.2710576057434082,0.23731198906898499,0.8764922022819519,20.056533813476562
S001,48,6,6,300,300,193,0.6892802491342049,,,,,,,,,,,,,,
S002,0,0,0,0,0,193,0.221455609546565,,,,,,,,,,,,,,
S002,1,0,1,50,0,193,0.4707508926414132,,,,,,,,,,,,,,
S002,2,0,2,100,0,193,0.5425112083545867,,,,,,,,,,,,,,
S002,3,0,3,150,0,193,0.6406078015517195,,,,,,,,,,,,,,
S002,4,0,4,200,0,193,0.5916131976697361,,,,,,,,,,,,,,
S002,5,0,5,250,0,193,0.5241751456414937,,,,,,,,,,,,,,
S002,6,0,6,300,0,193,0.3064780262557384,,,,,,,,,,,,,,
S002,7,1,0,0,50,193,0.46524738919165615,,,,,,,,,,,,,,
S002,8,1,1,50,50,193,0.6276410104969261,,,,,,,,,,,,,,
S002,9,1,2,100,50,193,0.7969878385996939,0.3988658464919688,0.00836209673434496,2.697519837565117,0.09804120659828186,-1.8095035552978516,4.19618034362793,0.30836042761802673,0.2590950131416321,0.8284856081008911,0.12311786303769327,0.2937115728855133,0.26986566185951233,0.9157488346099854,22.207679748535156
S002,10,1,3,150,50,193,0.8595666997771753,0.38308941223779724,0.006945066619664431,2.603076627520772,0.10012394934892654,-1.8129631280899048,4.225613594055176,0.2961966097354889,0.24207621812820435,0.7796032428741455,0.10928227871822101,0.2843063771724701,0.2567632794380188,0.9352119565010071,20.941452026367188
S002,11,1,4,200,50,193,0.8871110633842519,0.35975415535514366,0.0047264848835766315,2.4575273683691994,0.1004144698381424,-1.6586201190948486,3.3256263732910156,0.26079267263412476,0.20648621022701263,0.66841059923172,0.07677641931969495,0.27197587490081787,0.235482856631279,0.9833149313926697,19.40625762939453
S002,12,1,5,250,50,193,0.7234288168809901,0.37418431231255095,0.006938311271369457,2.577093007371391,0.0866059884428978,-1.9194515943527222,4.35264253616333,0.27047327160835266,0.22743825614452362,0.7320075035095215,0.09244071696292723,0.2768076956272125,0.25177648663520813,0.9161542654037476,20.59245491027832
S002,13,1,6,300,50,193,0.5556390775591291,,,,,,,,,,,,,,
S002,14,2,0,0,100,193,0.6694944830733711,,,,,,,,,,,,,,
S002,15,2,1,50,100,193,0.8820639480254503,0.3667781206396334,0.007148555014282465,2.510934313972296,0.1014036312699318,-2.2661359310150146,6.633176803588867,0.2785399556159973,0.25146177411079407,0.7747802138328552,0.09925127830533235,0.244065061211586,0.27378538250923157,0.9459993839263916,19.906295776367188
S002,16,2,2,100,100,193,0.9321324062390937,0.4115802631068438,0.007345943711698055,2.721029625870452,0.10425250232219696,-1.5526338815689087,2.972372055053711,0.31748414039611816,0.2468741089105606,0.8035150766372681,0.12995017424613348,0.2905048131942749,0.29155662655830383,0.9180083870887756,22.63303565979004
S002,17,2,3,150,100,193,0.9677306773336197,0.3971364630641723,0.006048246286809444,2.6347422463959673,0.11033831536769867,-1.3714689016342163,2.084908962249756,0.30145004391670227,0.2290457934141159,0.7444636821746826,0.10966238521929703,0.28188008069992065,0.27975165843963623,0.9601975679397583,21.497751235961914
S002,18,2,4,200,100,193,0.9582807592150124,0.3911228053273215,0.005723264534026384,2.6047136692924564,0.12107539176940918,-1.3122544288635254,1.8272085189819336,0.29613232612609863,0.22010362148284912,0.7217854261398315,0.1068777139655414,0.2744138240814209,0.27870073914527893,0.9540125131607056,21.140243530273438
S002,19,2,5,250,100,193,0.9434884157963972,0.3723627261892578,0.005443403031677008,2.5155521943952626,0.09967909008264542,-1.6963539123535156,3.6142220497131348,0.2759304642677307,0.2209281623363495,0.7082120180130005,0.0919360346005008,0.2563357651233673,0.2700851261615753,0.9519318342208862,20.0087947845459
S002,20,2,6,300,100,193,0.8186796960992241,0.3533496304040354,0.004807208199054003,2.444172896231268,0.07077040523290634,-1.841814637184143,4.530719757080078,0.2500118315219879,0.20476724207401276,0.6569456458091736,0.07165109034267912,0.23093940317630768,0.26743775606155396,0.9228818416595459,19.279544830322266
S002,21,3,0,0,150,193,0.6789175548336868,,,,,,,,,,,,,,
S002,22,3,1,50,150,193,0.8777416843405192,0.39879037709782095,0.007998554967343807,2.6972572393638083,0.1035236120223999,-1.6970609426498413,3.529026508331299,0.3037351667881012,0.2422790676355362,0.7848168015480042,0.11741856552989753,0.27049127221107483,0.29303282499313354,0.9219260215759277,22.122684478759766
S002,23,3,2,100,150,193,0.9525087921823404,0.4170710332419909,0.007158633321523666,2.7336398449997104,0.11334136873483658,-1.4235200881958008,2.3879241943359375,0.3221932053565979,0.24337726831436157,0.7977943420410156,0.1306651634723788,0.2865042984485626,0.30308997631073,0.9202750325202942,22.776456832885742
S002,24,3,3,150,150,193,0.975784584821069,0.4158844980571794,0.0073632230050861835,2.7285539366909117,0.1738317906856537,-1.2767350673675537,1.3684382438659668,0.3110238313674927,0.24153485894203186,0.7924960851669312,0.12653038765235095,0.3004065454006195,0.28760358691215515,1.030123233795166,22.569072723388672
S002,25,3,4,200,150,193,0.9886976831592794,0.3952332029731397,0.005785955581814051,2.618244304667594,0.15319061279296875,-1.2120611667633057,1.1725988388061523,0.29709869623184204,0.2244011014699936,0.7368717193603516,0.11016074725752145,0.27791449427604675,0.28102102875709534,1.0295495986938477,21.339540481567383
S002,26,3,5,250,150,193,0.9609117023275793,0.3845010607928947,0.005340424831956625,2.5740042198784194,0.11395079642534256,-1.3503481149673462,1.9374198913574219,0.2814319431781769,0.21019209921360016,0.6957234740257263,0.08979409381722683,0.2642524242401123,0.2793057858943939,0.9587171673774719,20.801698684692383
S002,27,3,6,300,150,193,0.7959945233429085,0.3841022422375332,0.006376163102686405,2.6315357454669925,0.08655066043138504,-1.5249464511871338,2.699615478515625,0.288844496011734,0.22944602370262146,0.7467886805534363,0.10209106239460371,0.2479599416255951,0.2933434844017029,0.9074718356132507,21.345726013183594
S002,28,4,0,0,200,193,0.6462455367929341,,,,,,,,,,,,,,
S002,29,4,1,50,200,193,0.8683723052967864,0.397329103711108,0.0075522419065237045,2.6759259211902586,0.08911382406949997,-1.6367805004119873,3.2361321449279785,0.296348512172699,0.23667016625404358,0.7609764337539673,0.11188400420453842,0.26642462611198425,0.2947682738304138,0.9143794775009155,21.84020233154297
S002,30,4,2,100,200,193,0.9285618405863245,0.42273980805294936,0.00807863287627697,2.78231186145465,0.10752511024475098,-1.3076932430267334,1.6742768287658691,0.3154793083667755,0.23777824640274048,0.7945868968963623,0.1280791025789291,0.299423485994339,0.2984200417995453,0.9145715832710266,23.250473022460938
S002,31,4,3,150,200,193,0.9808317001798706,0.42473812913570586,0.007155696861445904,2.764104442551765,0.13283993303775787,-1.1213353872299194,0.8965709209442139,0.31429600715637207,0.23269757628440857,0.7726664543151855,0.124620227179417,0.29098907113075256,0.30939915776252747,0.9800521731376648,23.234243392944336
S002,32,4,4,200,200,193,0.9824424816773605,0.41457813910413704,0.006846393924206495,2.719880400162891,0.12464173138141632,-1.1944164037704468,1.1649384498596191,0.30798622965812683,0.23041920363903046,0.7671268582344055,0.11955185134581227,0.29101288318634033,0.29527366161346436,1.0023037195205688,22.615182876586914
S002,33,4,5,250,200,193,0.9408843190421219,0.41297093202737134,0.007414946798235178,2.742451555582286,0.10871182382106781,-1.3781566619873047,2.147886276245117,0.3232235610485077,0.2414773851633072,0.7958012223243713,0.1322509772591092,0.28248104453086853,0.3012464940547943,0.9322835803031921,22.816802978515625
S002,34,4,6,300,200,193,0.8023571102579935,0.40873727189535775,0.007827036082744598,2.754533129567466,0.08379464596509933,-1.473646640777588,2.5952301025390625,0.3159123361110687,0.2504675090312958,0.8084656000137329,0.12992270887007729,0.26282811164855957,0.31302961707115173,0.9160635471343994,23.006120681762695
S002,35,5,0,0,250,193,0.5404171924078499,,,,,,,,,,,,,,
S002,36,5,1,50,250,193,0.7869473005986738,0.37087472957229944,0.006907036527991295,2.538480350123928,0.09093279391527176,-2.173278570175171,6.2948503494262695,0.2712406516075134,0.23546239733695984,0.7253791093826294,0.08938013850510013,0.25246086716651917,0.27168285846710205,0.9273384809494019,20.269149780273438
S002,37,5,2,100,250,193,0.9052055088727214,0.4013829406405837,0.007549242582172155,2.698303630297299,0.09857262670993805,-1.5464141368865967,2.490880012512207,0.3004757761955261,0.23756647109985352,0.7689050436019897,0.11462720208790557,0.2876623570919037,0.2799261212348938,0.9324631690979004,22.098390579223633
S002,38,5,3,150,250,193,0.9628983328411501,0.38828632802670093,0.0064298915676772594,2.608604559886681,0.11612502485513687,-1.5749075412750244,2.817142963409424,0.29795584082603455,0.23230917751789093,0.7611556053161621,0.11104915381827306,0.27902188897132874,0.2700241804122925,0.9961848855018616,20.99956512451172
S002,39,5,4,200,250,193,0.9292061531853204,0.4109649915696418,0.0072767725214362144,2.7234783563739065,0.1282685548067093,-1.4202176332473755,2.219132900238037,0.3172246217727661,0.2437482476234436,0.798412024974823,0.12773026695943604,0.2936120331287384,0.28754860162734985,0.9347342848777771,22.534921646118164
S002,40,5,5,250,250,193,0.9009369379043732,0.4042048197205509,0.008669245056807995,2.729730052058943,0.09947942942380905,-1.7051838636398315,3.297058582305908,0.32391008734703064,0.2673032283782959,0.8687447905540466,0.13671444321940462,0.2892906963825226,0.2822984755039215,0.934271514415741,22.53693962097168
S002,41,5,6,300,250,193,0.784799591935354,0.379479919147679,0.007555054035037756,2.625502807026036,0.07804946601390839,-1.9959523677825928,5.046049118041992,0.288411408662796,0.2559695541858673,0.8062778115272522,0.11175726063010981,0.25053247809410095,0.28502365946769714,0.9240771532058716,21.38385581970215
S002,42,6,0,0,300,193,0.4658380090740691,,,,,,,,,,,,,,
S002,43,6,1,50,300,193,0.6908104915568203,,,,,,,,,,,,,,
S002,44,6,2,100,300,193,0.8055518268946817,0.34724611053293697,0.005040445830672979,2.421428278176635,0.09727724641561508,-2.0172417163848877,5.391046524047852,0.25088003277778625,0.21209433674812317,0.6637396216392517,0.07165233619942678,0.2598356604576111,0.2303590476512909,0.9592199921607971,18.954259872436523
S002,45,6,3,150,300,193,0.8045316652796048,0.39254707911520664,0.007842889986932278,2.685991117640287,0.07846590131521225,-1.65247642993927,3.1920580863952637,0.30876848101615906,0.2506972849369049,0.8127710223197937,0.1228310197544047,0.2941007912158966,0.2599960267543793,0.9091559648513794,21.913219451904297
S002,46,6,4,200,300,193,0.8418212569464952,0.3880012301425688,0.007171343546360731,2.6706601778351162,0.08477930724620819,-1.6634126901626587,3.332730293273926,0.3124925494194031,0.2525086998939514,0.8048195242881775,0.12612813725802852,0.2887667715549469,0.259149968624115,0.9427009224891663,21.880409240722656
S002,47,6,5,250,300,193,0.7713495664313136,0.3816614841914698,0.007894138805568218,2.628230289084222,0.07455664873123169,-2.1367924213409424,6.398754119873047,0.29165831208229065,0.25034675002098083,0.7997598648071289,0.10918140052902688,0.2759699523448944,0.26364004611968994,0.9189908504486084,21.4859561920166
S002,48,6,6,300,300,193,0.5019463609761335,,,,,,,,,,,,,,
S003,0,0,0,0,0,193,0.3296195871030095,,,,,,,,,,,,,,
S003,1,0,1,50,0,193,0.5426185937877527,,,,,,,,,,,,,,
S003,2,0,2,100,0,193,0.5867271604606835,,,,,,,,,,,,,,
S003,3,0,3,150,0,193,0.6809041853472576,,,,,,,,,,,,,,
S003,4,0,4,200,0,193,0.6601251040296384,,,,,,,,,,,,,,
S003,5,0,5,250,0,193,0.6021906628365862,,,,,,,,,,,,,,
S003,6,0,6,300,0,193,0.46484469381728366,,,,,,,,,,,,,,
S003,7,1,0,0,50,193,0.514859459314344,,,,,,,,,,,,,,
S003,8,1,1,50,50,193,0.7912158715670219,0.30674435274925166,0.003712273668497801,2.152569012715251,0.05542953684926033,-2.4908907413482666,8.629430770874023,0.22740702331066132,0.21347874402999878,0.6443600058555603,0.08102605863192182,0.21256272494792938,0.22115421295166016,0.8949476480484009,16.24909019470215
S003,9,1,2,100,50,193,0.9040779618244785,0.33009429471342655,0.0042302608489990234,2.2940088045671354,0.0876278430223465,-2.143017053604126,6.215558052062988,0.2434285283088684,0.21604952216148376,0.6701264381408691,0.0935978144672764,0.23499099910259247,0.23182207345962524,0.9689466953277588,17.671058654785156
S003,10,1,3,150,50,193,0.8973663722516041,0.36207276387408477,0.005082814488559961,2.4761779954382215,0.08989500254392624,-1.7009637355804443,3.4840097427368164,0.2785934805870056,0.22275666892528534,0.7220346331596375,0.12122300005983366,0.26740562915802,0.2441125065088272,0.9459487795829773,19.53860092163086
S003,11,1,4,200,50,193,0.8967757523691912,0.36460625026778964,0.005182570777833462,2.4893868316500947,0.11204895377159119,-1.6759774684906006,3.4268860816955566,0.2717982232570648,0.22534038126468658,0.7281407117843628,0.11750089809603641,0.2672995328903198,0.2479691058397293,0.9746797680854797,19.683917999267578
S003,12,1,5,250,50,193,0.8425461086203656,0.33383512206645855,0.004295033868402243,2.3128845246286707,0.09858842194080353,-2.149778366088867,6.243651390075684,0.24453014135360718,0.21195147931575775,0.6524961590766907,0.08555314810094315,0.238931342959404,0.23314738273620605,0.9427595734596252,17.847684860229492
S003,13,1,6,300,50,193,0.7100593304518242,0.31260199966397273,0.0043139588087797165,2.179728419943732,0.08400814980268478,-2.793588399887085,11.429909706115723,0.22017459571361542,0.21067123115062714,0.6329473257064819,0.07361336912548679,0.21759890019893646,0.2244342416524887,0.9483968615531921,16.507190704345703
S003,14,2,0,0,100,193,0.6454669924024806,,,,,,,,,,,,,,
S003,15,2,1,50,100,193,0.8912722489194341,0.35093416813816897,0.004976154305040836,2.4162519616434617,0.0987108126282692,-2.0586960315704346,5.827631950378418,0.2699364721775055,0.23257428407669067,0.7301881909370422,0.11196120365071237,0.23868723213672638,0.2572609484195709,0.9554081559181213,18.949405670166016
S003,16,2,2,100,100,193,0.9631936427823565,0.3549630852714662,0.004717361181974411,2.416319128594969,0.12220294028520584,-1.759050726890564,3.7547454833984375,0.2593942880630493,0.2151464968919754,0.6874014735221863,0.100897485924522,0.24594396352767944,0.2559499144554138,0.9918217062950134,18.890825271606445
S003,17,2,3,150,100,193,0.9718650165105104,0.3581220377184164,0.004478983115404844,2.4221281087917066,0.12844941020011902,-1.5486745834350586,2.641353130340576,0.2665219008922577,0.2109065055847168,0.6865095496177673,0.10582580591696363,0.25393858551979065,0.25252047181129456,1.0331393480300903,19.013652801513672
S003,18,2,4,200,100,193,0.952052404091385,0.3713751010729398,0.004895702935755253,2.498313961147943,0.13245771825313568,-1.3483705520629883,1.9375243186950684,0.28412848711013794,0.2175903171300888,0.7064222693443298,0.125482897667992,0.25892800092697144,0.26622501015663147,0.9692643880844116,19.874311447143555
S003,19,2,5,250,100,193,0.9428172568391098,0.3591014475987314,0.005326772574335337,2.4391140048993654,0.09834503382444382,-1.8912692070007324,4.649519920349121,0.27044767141342163,0.23086951673030853,0.7317260503768921,0.11856829636379168,0.25621041655540466,0.25161492824554443,0.9498969316482544,19.05636978149414
S003,20,2,6,300,100,193,0.8416870251550377,0.3439586385833702,0.0044217403046786785,2.369338190717655,0.10257948935031891,-2.0053353309631348,5.263968467712402,0.25198498368263245,0.2119085192680359,0.6781877279281616,0.09686782342434294,0.2331887036561966,0.2528449594974518,0.9539589285850525,18.48214340209961
S003,21,3,0,0,150,193,0.7644500523503986,0.33468238993584687,0.004116273019462824,2.380869700408799,0.0825679749250412,-1.6942285299301147,3.685723304748535,0.24461250007152557,0.19737733900547028,0.6405047178268433,0.08642669007901668,0.2119797319173813,0.258992075920105,0.9822050333023071,18.635942459106445
S003,22,3,1,50,150,193,0.9098767752154421,0.3668142383355961,0.005292018409818411,2.4950222838671445,0.10730600357055664,-1.507822036743164,2.318057060241699,0.28542909026145935,0.22947020828723907,0.7494641542434692,0.1371415083205476,0.24096089601516724,0.2765692174434662,0.9785413146018982,19.6890926361084
S003,23,3,2,100,150,193,0.9749255013557411,0.37042893693889134,0.005089017562568188,2.493709308013673,0.11899004876613617,-1.4157220125198364,2.0591330528259277,0.28038060665130615,0.22102820873260498,0.72596275806427,0.12419110560374501,0.2544901967048645,0.26916971802711487,0.9779319167137146,19.71932029724121
S003,24,3,3,150,150,193,0.987758060619077,0.37695716968525866,0.005078949499875307,2.520185830093164,0.1389741152524948,-1.3048332929611206,1.4562125205993652,0.28754937648773193,0.21936121582984924,0.7314749956130981,0.1334221183377273,0.2603619694709778,0.2725955843925476,1.0578076839447021,20.094345092773438
S003,25,3,4,200,150,193,0.9908990845391823,0.3825383929989554,0.005535996053367853,2.554093424162475,0.14051006734371185,-1.3749639987945557,1.87288236618042,0.29131680727005005,0.2253277450799942,0.7395330667495728,0.13768626388512598,0.26836979389190674,0.2726046144962311,1.070212960243225,20.441837310791016
S003,26,3,5,250,150,193,0.9657172004617574,0.38670037439898663,0.005530112888664007,2.5845167814382237,0.13190676271915436,-1.4243566989898682,2.2909798622131348,0.2999785244464874,0.22872358560562134,0.7464885115623474,0.14063716223729567,0.26807621121406555,0.27869755029678345,1.0110743045806885,20.88738441467285
S003,27,3,6,300,150,193,0.868936078820908,0.3705693738775669,0.005751493386924267,2.533678001529516,0.09842512756586075,-1.732840657234192,4.057791709899902,0.2931748926639557,0.23911719024181366,0.770973265171051,0.14292334785429603,0.24153892695903778,0.2810348868370056,0.9427787065505981,20.20675277709961
S003,28,4,0,0,200,193,0.7485301618835405,0.342365776018912,0.004850471392273903,2.4291181111981937,0.07935674488544464,-1.8477864265441895,4.847142696380615,0.256729394197464,0.21157434582710266,0.6867024898529053,0.10232408005164623,0.22918301820755005,0.2543412446975708,0.9943559765815735,19.03266716003418
S003,29,4,1,50,200,193,0.9012859405621627,0.36287155978226443,0.0051901633851230145,2.485981212936511,0.09627106040716171,-1.6393394470214844,3.1502437591552734,0.28085511922836304,0.2276902049779892,0.7327393889427185,0.1260872155367568,0.24522238969802856,0.26747289299964905,0.9615920782089233,19.620370864868164
S003,30,4,2,100,200,193,0.9867647453622916,0.35202150998344445,0.004477158188819885,2.389144316957027,0.1380700170993805,-1.6846712827682495,3.587952136993408,0.2601446211338043,0.21390847861766815,0.6801204681396484,0.10711176406573077,0.24320152401924133,0.2545037567615509,1.0579967498779297,18.60873794555664
S003,31,4,3,150,200,193,0.9952213482241133,0.3717370013627073,0.0048680477775633335,2.499125655951385,0.1578877866268158,-1.3817417621612549,1.9153246879577637,0.2770903706550598,0.21186405420303345,0.6960725784301758,0.118556283887675,0.25629520416259766,0.2692604064941406,1.0983831882476807,19.879575729370117
S003,32,4,4,200,200,193,0.9913554726301377,0.3738855282096898,0.005314127076417208,2.5160728685963507,0.12605294585227966,-1.4703590869903564,2.4159798622131348,0.28156569600105286,0.22281336784362793,0.7191175818443298,0.12446177593630676,0.26456785202026367,0.26418599486351013,1.0361782312393188,19.981369018554688
S003,33,4,5,250,200,193,0.9650460415044699,0.37159463658156666,0.005085687153041363,2.506483141394334,0.1317969560623169,-1.6214163303375244,3.4839420318603516,0.2864336669445038,0.22201940417289734,0.7272637486457825,0.12596322363479567,0.24732668697834015,0.27733027935028076,0.9951655268669128,19.974939346313477
S003,34,4,6,300,200,193,0.8889634621063652,0.36875584945943374,0.005720013752579689,2.535847831639928,0.0943833738565445,-1.678731918334961,3.339399814605713,0.2853265106678009,0.2334994524717331,0.7570942044258118,0.1310361489445233,0.24327537417411804,0.27712446451187134,0.9397227764129639,20.171167373657227
S003,35,5,0,0,250,193,0.6802330263899702,,,,,,,,,,,,,,
S003,36,5,1,50,250,193,0.8882923031490778,0.3344138416170172,0.004105163272470236,2.306307316215751,0.09453745931386948,-1.9970715045928955,5.12822151184082,0.24090568721294403,0.20833973586559296,0.6543636918067932,0.08858196324951643,0.22516024112701416,0.24725590646266937,0.9853003621101379,17.769559860229492
S003,37,5,2,100,250,193,0.9676232919004537,0.3349004336339531,0.003847623709589243,2.293018848484965,0.11077225208282471,-1.7999513149261475,3.9204177856445312,0.2403620481491089,0.20387648046016693,0.648850679397583,0.0872846322448187,0.23599989712238312,0.2376180738210678,0.977177083492279,17.659114837646484
S003,38,5,3,150,250,193,0.9650728878627615,0.3587101230729906,0.004563282243907452,2.429680847998032,0.11735840141773224,-1.63853919506073,3.6001205444335938,0.26922646164894104,0.21349088847637177,0.6898657083511353,0.10999221097140313,0.2588852047920227,0.24829700589179993,0.9723285436630249,19.093711853027344
S003,39,5,4,200,250,193,0.975784584821069,0.3549374335917353,0.004630777984857559,2.4169237473741867,0.11556688696146011,-1.616362452507019,2.97896146774292,0.2627331018447876,0.21505281329154968,0.6902881264686584,0.10600599774396786,0.2560475766658783,0.24580524861812592,0.9939460754394531,18.868160247802734
S003,40,5,5,250,250,193,0.9206958576069156,0.36128584970658467,0.005917738191783428,2.47291293088307,0.09680671244859695,-1.9281731843948364,4.581395626068115,0.2857641875743866,0.24548527598381042,0.7849763035774231,0.1328765126111678,0.2453642338514328,0.26518645882606506,0.9139420986175537,19.37594223022461
S003,41,5,6,300,250,193,0.8436199629520256,0.33101859693868174,0.0046636792831122875,2.3152596921735586,0.0786491110920906,-2.296708106994629,7.1978654861450195,0.24884209036827087,0.23175011575222015,0.7042903900146484,0.09594577393075357,0.2236352264881134,0.24405039846897125,0.9079908132553101,17.84099578857422
S003,42,6,0,0,300,193,0.6505678004778652,,,,,,,,,,,,,,
S003,43,6,1,50,300,193,0.7853096727428924,0.30827936261854577,0.0036427341401576996,2.156739030461318,0.07813813537359238,-2.5334789752960205,8.913167953491211,0.21407170593738556,0.19734884798526764,0.6002525091171265,0.06710652263093121,0.22052475810050964,0.21541818976402283,0.975283145904541,16.363052368164062
S003,44,6,2,100,300,193,0.8770973717415232,0.3238113397774454,0.00383767019957304,2.256605427910366,0.08518221974372864,-2.1560559272766113,6.225200653076172,0.23122698068618774,0.2042265087366104,0.6355767250061035,0.0805607419423954,0.231504425406456,0.2264055758714676,0.9447014331817627,17.308185577392578
S003,45,6,3,150,300,193,0.9278638352707456,0.34310709540811535,0.004412252455949783,2.368053564159043,0.08946949243545532,-1.8151907920837402,4.32780122756958,0.257443904876709,0.21745100617408752,0.6910892128944397,0.10635958567212546,0.2510220408439636,0.23390257358551025,0.9664809703826904,18.36867904663086
S003,46,6,4,200,300,193,0.8826545679078633,0.3611597868615555,0.005394172389060259,2.483474218744934,0.08879072219133377,-1.8372207880020142,4.334535598754883,0.277454137802124,0.23016756772994995,0.7408063411712646,0.12008029685503985,0.26847273111343384,0.24157562851905823,0.9319920539855957,19.555294036865234
S003,47,6,5,250,300,193,0.855835055974657,0.3276721391729795,0.00462647620588541,2.2831311431287817,0.0798255056142807,-2.4123940467834473,7.893464088439941,0.24061575531959534,0.2207919955253601,0.6763173937797546,0.09043571002854543,0.23207548260688782,0.2313222885131836,0.9338394403457642,17.5031795501709
S003,48,6,6,300,300,193,0.7203414856774678,0.3065049238147415,0.00455378508195281,2.1620162496506943,0.0651044175028801,-2.731316089630127,10.040657997131348,0.22332926094532013,0.22113201022148132,0.6733691096305847,0.08586762075134168,0.2071647197008133,0.22589388489723206,0.9000937342643738,16.289947509765625
S004,0,0,0,0,0,193,0.2531611586888239,,,,,,,,,,,,,,
S004,1,0,1,50,0,193,0.46530108190823916,,,,,,,,,,,,,,
S004,2,0,2,100,0,193,0.5353163843324653,,,,,,,,,,,,,,
S004,3,0,3,150,0,193,0.6364197696582459,,,,,,,,,,,,,,
S004,4,0,4,200,0,193,0.6320438132567318,,,,,,,,,,,,,,
S004,5,0,5,250,0,193,0.5973583183441166,,,,,,,,,,,,,,
S004,6,0,6,300,0,193,0.47628124244946174,,,,,,,,,,,,,,
S004,7,1,0,0,50,193,0.4152594700528873,,,,,,,,,,,,,,
S004,8,1,1,50,50,193,0.7616311847297914,0.29615898871380664,0.0035443564411252737,2.067834727567398,0.08042655140161514,-2.5978219509124756,9.082667350769043,0.18316684663295746,0.1741112917661667,0.5299813747406006,0.05784279168135354,0.20952272415161133,0.20930927991867065,0.968231737613678,15.463728904724121
S004,9,1,2,100,50,193,0.7995919353539692,0.3463157922067015,0.005300234071910381,2.375610198389906,0.08727478235960007,-2.109234571456909,5.51115608215332,0.23165446519851685,0.2085346132516861,0.6455928683280945,0.09824066612946548,0.2524092197418213,0.23711645603179932,0.9468233585357666,18.347198486328125
S004,10,1,3,150,50,193,0.8900910091546081,0.34488574561863106,0.004574636463075876,2.358043041329669,0.07968545705080032,-1.8571141958236694,4.226766109466553,0.23756064474582672,0.20260131359100342,0.6490195393562317,0.10137234202985974,0.2570224404335022,0.22996878623962402,0.952407717704773,18.20356559753418
S004,11,1,4,200,50,193,0.8715133292168917,0.3386070978298762,0.004121421370655298,2.3249596719472683,0.08946625888347626,-1.7595075368881226,3.76145601272583,0.23635418713092804,0.20444056391716003,0.6485655903816223,0.10371807904383452,0.2532344162464142,0.224782332777977,0.9537873864173889,17.925519943237305
S004,12,1,5,250,50,193,0.8215791027947059,0.3294384336039328,0.003699824446812272,2.2677544956270315,0.07648944854736328,-1.8800970315933228,4.438488960266113,0.22187775373458862,0.1900145411491394,0.6011612415313721,0.0839786948991929,0.2417723536491394,0.22377625107765198,0.9452863931655884,17.395885467529297
S004,13,1,6,300,50,193,0.7649601331579371,0.2604186553928252,0.002135766437277198,1.7677146933398447,0.0707278922200203,-3.3666226863861084,17.491174697875977,0.1556316614151001,0.16164740920066833,0.4574952721595764,0.03969256685618025,0.18475385010242462,0.18353171646595,0.9570209980010986,13.222895622253418
S004,14,2,0,0,100,193,0.6067813901044323,,,,,,,,,,,,,,
S004,15,2,1,50,100,193,0.7952965180273296,0.3371533597626445,0.00470878416672349,2.3336302816218586,0.07585304975509644,-2.1464288234710693,6.0285444259643555,0.22078920900821686,0.19493824243545532,0.5988010168075562,0.08179179044018363,0.22472169995307922,0.25134149193763733,0.9319574236869812,17.96398162841797
S004,16,2,2,100,100,193,0.928696072377782,0.3629479717877388,0.005336913745850325,2.4584581999492134,0.09193900972604752,-1.7864254713058472,3.8585615158081055,0.250079870223999,0.2076815366744995,0.6697461009025574,0.11325990807388778,0.256289541721344,0.25699591636657715,0.9527539610862732,19.245145797729492
S004,17,2,3,150,100,193,0.9537974173803324,0.37753461880211275,0.005658151116222143,2.5294552809667366,0.0948714017868042,-1.5041626691818237,2.34468412399292,0.2767978608608246,0.22754737734794617,0.7370181679725647,0.14383021841927493,0.269822895526886,0.2640605866909027,0.9659412503242493,20.06431770324707
S004,18,2,4,200,100,193,0.9653145050873849,0.36327736046097747,0.0050220610573887825,2.4503893495758877,0.12322831153869629,-1.6441742181777954,3.2263264656066895,0.2621242105960846,0.21717822551727295,0.6971365809440613,0.13043357343493617,0.25411123037338257,0.2596110999584198,0.9917939305305481,19.194849014282227
S004,19,2,5,250,100,193,0.9200246986496282,0.34952702535124086,0.004504580516368151,2.3717796233216437,0.10574173182249069,-1.7266699075698853,3.505265712738037,0.245667964220047,0.21058063209056854,0.6599254608154297,0.10939597315436242,0.24366658926010132,0.2505907714366913,0.9489165544509888,18.375667572021484
S004,20,2,6,300,100,193,0.8754597438857419,0.3251503033522072,0.0038737517315894365,2.246091996886649,0.08504626899957657,-2.153942584991455,6.202827453613281,0.2227545529603958,0.20281821489334106,0.6257199048995972,0.09334559950935296,0.21560776233673096,0.2433844953775406,0.9560125470161438,17.19889259338379
S004,21,3,0,0,150,193,0.6007141131305539,,,,,,,,,,,,,,
S004,22,3,1,50,150,193,0.8306531718972321,0.39142849699893617,0.0075537520460784435,2.66020296762162,0.09250564873218536,-1.6083191633224487,2.7607407569885254,0.26830172538757324,0.21709926426410675,0.704574704170227,0.13192850909796064,0.25534069538116455,0.29667726159095764,0.923269510269165,21.494766235351562
S004,23,3,2,100,150,193,0.9553008134446562,0.38834856675692814,0.006091888062655926,2.59310912363493,0.10840965807437897,-1.4015252590179443,1.948014259338379,0.2780410051345825,0.22083933651447296,0.7174553871154785,0.1423111510791367,0.27201220393180847,0.27717137336730957,1.009883165359497,20.801067352294922
S004,24,3,3,150,150,193,0.9837847995919353,0.38198781476686383,0.005379651673138142,2.549312066416375,0.1286427080631256,-1.4057743549346924,2.0282249450683594,0.27815425395965576,0.21943849325180054,0.7187709212303162,0.14304816482466912,0.26009824872016907,0.2797563076019287,1.018362283706665,20.446876525878906
S004,25,3,4,200,150,193,0.993852183951247,0.3745135969169977,0.004944234620779753,2.508721070638408,0.12666043639183044,-1.3410944938659668,1.642350673675537,0.276228129863739,0.2119484543800354,0.7043229937553406,0.1398433279308482,0.2650792896747589,0.2645626664161682,1.0581245422363281,20.03119659423828
S004,26,3,5,250,150,193,0.9800263094311257,0.3638265697323466,0.004608395043760538,2.4546896349824276,0.10103903710842133,-1.4609822034835815,2.329730987548828,0.2700110673904419,0.20834018290042877,0.6845323443412781,0.13296808656348447,0.2485414743423462,0.2657007873058319,0.9808703660964966,19.354625701904297
S004,27,3,6,300,150,193,0.8658219012590942,0.34518586575259486,0.004474873188883066,2.3693418670561357,0.06935391575098038,-1.8146122694015503,4.3039398193359375,0.24980346858501434,0.207815483212471,0.6710904836654663,0.11466311122135747,0.22983033955097198,0.25754863023757935,0.9324609041213989,18.377830505371094
S004,28,4,0,0,200,193,0.671158957287444,,,,,,,,,,,,,,
S004,29,4,1,50,200,193,0.8532578055786733,0.3553888544119012,0.005293197929859161,2.437098782420332,0.08490242063999176,-1.7718185186386108,3.651916980743408,0.24439138174057007,0.21094296872615814,0.678658664226532,0.11210395494446716,0.23248527944087982,0.26879701018333435,0.951785147190094,18.98918914794922
S004,30,4,2,100,200,193,0.9586029155145105,0.37500867870052845,0.005527364555746317,2.52105050226692,0.10082137584686279,-1.5285645723342896,2.3826851844787598,0.2564924359321594,0.20669563114643097,0.6731279492378235,0.11941636093763128,0.2547891438007355,0.2751617729663849,0.9952254891395569,19.988357543945312
S004,31,4,3,150,200,193,0.9932078713522511,0.3713792033338424,0.0053140814416110516,2.492604237877249,0.12491055577993393,-1.4926859140396118,2.1233339309692383,0.26610416173934937,0.2152293622493744,0.6984390616416931,0.13420369769704832,0.2602900266647339,0.26489925384521484,1.0433428287506104,19.688304901123047
S004,32,4,4,200,200,193,0.9908453918225992,0.3784822956126403,0.005339114461094141,2.534534058773241,0.12151798605918884,-1.4262304306030273,2.126654624938965,0.2760012447834015,0.21667900681495667,0.704342782497406,0.14219139481955131,0.26440608501434326,0.27081039547920227,1.025416612625122,20.25322151184082
S004,33,4,5,250,200,193,0.9668715938682918,0.35882746712250435,0.004711782094091177,2.433022101958539,0.08901708573102951,-1.6538642644882202,3.240665912628174,0.26202717423439026,0.21463525295257568,0.6949952840805054,0.1270026377898098,0.24375727772712708,0.2633240222930908,0.9576963186264038,19.081823348999023
S004,34,4,6,300,200,193,0.9066552122204623,0.3239747373647564,0.0037510599941015244,2.2591486172332615,0.08131766319274902,-1.9542135000228882,4.8103437423706055,0.22784258425235748,0.1969790756702423,0.6292821764945984,0.09229539263295038,0.21351352334022522,0.24366289377212524,0.9403361082077026,17.326034545898438
S004,35,5,0,0,250,193,0.6456549169105211,,,,,,,,,,,,,,
S004,36,5,1,50,250,193,0.8815807135762034,0.32367380028496856,0.0041123987175524235,2.2407592712651807,0.07719680666923523,-2.3101794719696045,7.147851943969727,0.21038800477981567,0.19124138355255127,0.5843140482902527,0.07704488702113405,0.2183333784341812,0.23894615471363068,0.9518470764160156,17.10851287841797
S004,37,5,2,100,250,193,0.9248838895003892,0.35941220901396403,0.005581218749284744,2.450170067494503,0.1111476868391037,-1.8840407133102417,4.352405548095703,0.24052441120147705,0.20535476505756378,0.6568159461021423,0.10725378073205422,0.2548918128013611,0.2533915936946869,0.9790241122245789,19.113906860351562
S004,38,5,3,150,250,193,0.9515960160004295,0.3668866331367846,0.005768490955233574,2.492373246201945,0.12381035834550858,-1.7072089910507202,3.251631259918213,0.26322612166404724,0.21773967146873474,0.7004038095474243,0.12952096146250636,0.257303386926651,0.2615354061126709,0.9933252334594727,19.54461669921875
S004,39,5,4,200,250,193,0.9664420521356278,0.3637139095818813,0.0056517343036830425,2.462855303336747,0.12954281270503998,-1.8174811601638794,4.016224384307861,0.2665834426879883,0.22866834700107574,0.7288241386413574,0.1307536320453346,0.26411178708076477,0.25006553530693054,1.008614420890808,19.23363494873047
S004,40,5,5,250,250,193,0.9308706273993933,0.3568878004547095,0.005217538680881262,2.4474077323827257,0.09490086138248444,-1.8154960870742798,4.104028224945068,0.2613382041454315,0.21926775574684143,0.694582998752594,0.12086866239833881,0.2486942708492279,0.2559688687324524,0.9528817534446716,19.147075653076172
S004,41,5,6,300,250,193,0.8241563531906897,0.32828473431134403,0.004520786460489035,2.291447330100447,0.07651087641716003,-2.2920680046081543,7.088844299316406,0.23110505938529968,0.21180762350559235,0.6524909734725952,0.09697384279618229,0.21346014738082886,0.24941056966781616,0.9366143941879272,17.58079719543457
S004,42,6,0,0,300,193,0.4575424843619963,,,,,,,,,,,,,,
S004,43,6,1,50,300,193,0.6806894144809257,,,,,,,,,,,,,,
S004,44,6,2,100,300,193,0.8239147359660662,0.336143628158442,0.005296825431287289,2.3484364513323426,0.07098072022199631,-2.334876775741577,7.124725341796875,0.2402212917804718,0.21657897531986237,0.6730679273605347,0.10827631150211796,0.24488696455955505,0.23026704788208008,0.9293605089187622,18.120689392089844
S004,45,6,3,150,300,193,0.8521571048887219,0.3661459029844577,0.005788211245089769,2.5174228876108837,0.0958830937743187,-1.6269320249557495,2.8282432556152344,0.2545446753501892,0.20924745500087738,0.6793524622917175,0.11949467582382962,0.2812052369117737,0.23449186980724335,0.959949254989624,19.87333106994629
S004,46,6,4,200,300,193,0.8735268060887541,0.34504028787465996,0.0052467817440629005,2.4049104830322627,0.09375680238008499,-1.919816255569458,4.547179698944092,0.24849866330623627,0.2188510149717331,0.6951078176498413,0.11783145860224968,0.25775691866874695,0.22937779128551483,0.9633758068084717,18.6393985748291
S004,47,6,5,250,300,193,0.7842358184112325,0.33920296473401995,0.00537604745477438,2.3713862262873207,0.07935277372598648,-2.2818126678466797,6.959647178649902,0.2504383623600006,0.22763299942016602,0.7185955047607422,0.11960838011775983,0.24715130031108856,0.23232495784759521,0.9353103637695312,18.3538818359375
S004,48,6,6,300,300,193,0.6488764799055008,,,,,,,,,,,,,,
S005,0,0,0,0,0,193,0.263201696689844,,,,,,,,,,,,,,
S005,1,0,1,50,0,193,0.407742489731268,,,,,,,,,,,,,,
S005,2,0,2,100,0,193,0.46927434293538084,,,,,,,,,,,,,,
S005,3,0,3,150,0,193,0.41987704367902495,,,,,,,,,,,,,,
S005,4,0,4,200,0,193,0.4524953690031947,,,,,,,,,,,,,,
S005,5,0,5,250,0,193,0.40887003677951084,,,,,,,,,,,,,,
S005,6,0,6,300,0,193,0.35622432816988375,,,,,,,,,,,,,,
S005,7,1,0,0,50,193,0.4266423259684824,,,,,,,,,,,,,,
S005,8,1,1,50,50,193,0.6758839163467476,,,,,,,,,,,,,,
S005,9,1,2,100,50,193,0.8375795323364386,0.2716315356895826,0.0021575680002570152,1.8441420409825549,0.03789183869957924,-2.537425994873047,9.29964828491211,0.18513980507850647,0.17972861230373383,0.5464097857475281,0.08567582294304305,0.19893795251846313,0.18495237827301025,0.7576878070831299,13.744715690612793
S005,10,1,3,150,50,193,0.8762382882761953,0.2834404472475532,0.002241460606455803,1.9318431624819536,0.039712775498628616,-2.0483241081237793,5.672920227050781,0.19357621669769287,0.1714905947446823,0.5346575975418091,0.090780967554153,0.21419553458690643,0.1856307089328766,0.7677839398384094,14.438926696777344
S005,11,1,4,200,50,193,0.8450696662997664,0.26777836339518635,0.001860476448200643,1.8245616188204798,0.03724447637796402,-2.167591094970703,6.352011680603027,0.17340610921382904,0.1564706563949585,0.4865860641002655,0.06804752525573417,0.2052355706691742,0.17199887335300446,0.7454900145530701,13.639973640441895
S005,12,1,5,250,50,193,0.742946119358909,0.2594347396971656,0.001700905617326498,1.7633243879497653,0.03668935224413872,-2.394993305206299,8.060873031616211,0.16866707801818848,0.15689502656459808,0.4800812304019928,0.06460938064609381,0.1940803974866867,0.172160342335701,0.7275086641311646,13.224481582641602
S005,13,1,6,300,50,193,0.5637198314048699,,,,,,,,,,,,,,
S005,14,2,0,0,100,193,0.5318263577545705,,,,,,,,,,,,,,
S005,15,2,1,50,100,193,0.8373647614701066,0.2993075873461414,0.0031719603575766087,2.0715582622914064,0.044552166014909744,-2.3943378925323486,7.984493255615234,0.21868804097175598,0.20737995207309723,0.6381460428237915,0.12481164438459812,0.20900030434131622,0.21425196528434753,0.7724711894989014,15.544169425964355
S005,16,2,2,100,100,193,0.9417970952240329,0.29890601848528175,0.0030214868020266294,2.0388660560724965,0.04659883305430412,-2.2119858264923096,6.412014961242676,0.2136661261320114,0.20015300810337067,0.6171390414237976,0.1226019782788404,0.21440835297107697,0.20826393365859985,0.7632603645324707,15.265898704528809
S005,17,2,3,150,100,193,0.9740932642487047,0.3039392020462665,0.002940032398328185,2.070203243073587,0.06084207817912102,-1.9664722681045532,5.26248836517334,0.21808262169361115,0.19542334973812103,0.6111956834793091,0.12677764303825378,0.22549563646316528,0.20379096269607544,0.7918714284896851,15.555859565734863
S005,18,2,4,200,100,193,0.9637842626647696,0.2910289692439343,0.0025513027794659138,1.98050098313234,0.03890449181199074,-1.9076659679412842,4.193426132202148,0.20507913827896118,0.18509367108345032,0.5904795527458191,0.11479108635097493,0.21247386932373047,0.19887864589691162,0.7580377459526062,14.799840927124023
S005,19,2,5,250,100,193,0.9375016778973932,0.28298357248445594,0.002141377655789256,1.9279618276382362,0.04678180068731308,-2.1250786781311035,6.689393997192383,0.19370463490486145,0.1690620332956314,0.5228419899940491,0.08636636980613384,0.20197290182113647,0.19820860028266907,0.7623477578163147,14.49105167388916
S005,20,2,6,300,100,193,0.6854143735402293,,,,,,,,,,,,,,
S005,21,3,0,0,150,193,0.5251147681816961,,,,,,,,,,,,,,
S005,22,3,1,50,150,193,0.8818223308008268,0.31050527736550676,0.0034603793174028397,2.1394252877428452,0.050780683755874634,-2.0577006340026855,5.410737991333008,0.22715559601783752,0.2077733725309372,0.655546247959137,0.13721192194112095,0.21224860846996307,0.2266363948583603,0.8071701526641846,16.074617385864258
S005,23,3,2,100,150,193,0.9787376842331338,0.32195143474975274,0.0033640898764133453,2.198977352027878,0.05176032334566116,-1.776793360710144,3.9567055702209473,0.23987238109111786,0.20162878930568695,0.6343694925308228,0.1461722028691335,0.22869417071342468,0.22660914063453674,0.8249427080154419,16.716564178466797
S005,24,3,3,150,150,193,0.9823082498859029,0.33832087364521374,0.004246745258569717,2.2907858137428416,0.06196524575352669,-1.6227107048034668,2.7620911598205566,0.25348010659217834,0.2239753007888794,0.7029666304588318,0.17504782727521181,0.24270093441009521,0.2357058972120285,0.8520485162734985,17.50325584411621
S005,25,3,4,200,150,193,0.9719724019436763,0.33219992497433004,0.0038348576053977013,2.2556499983629195,0.05830973759293556,-1.6902313232421875,3.378389358520508,0.24377964437007904,0.21270985901355743,0.6762059926986694,0.15649772130921144,0.23962000012397766,0.2300848662853241,0.8309575319290161,17.202320098876953
S005,26,3,5,250,150,193,0.9454481999516765,0.3071200961025806,0.0029804622754454613,2.0926711050496416,0.05066004395484924,-1.839214563369751,4.258632183074951,0.2192622870206833,0.19007448852062225,0.5979709029197693,0.12374705397961212,0.21458257734775543,0.21972043812274933,0.7852370738983154,15.69522762298584
S005,27,3,6,300,150,193,0.7556444468307874,0.2872651336170518,0.002527145901694894,1.9806427790694827,0.03585841506719589,-1.9757099151611328,4.77913761138916,0.19737140834331512,0.17901037633419037,0.5640098452568054,0.10043699150886418,0.187154158949852,0.21793250739574432,0.7494082450866699,14.76110553741455
S005,28,4,0,0,200,193,0.54490053424253,,,,,,,,,,,,,,
S005,29,4,1,50,200,193,0.88582243818626,0.302781258656384,0.0031879472080618143,2.076355351240662,0.048597633838653564,-2.065364360809326,5.473299980163574,0.21031668782234192,0.19659939408302307,0.6151340007781982,0.11840829191417142,0.20979413390159607,0.218318372964859,0.8102898001670837,15.503762245178223
S005,30,4,2,100,200,193,0.9690998416064861,0.3137682046001305,0.003118104999884963,2.137725124025078,0.04829717427492142,-1.7314409017562866,3.4424638748168945,0.22958755493164062,0.1988205760717392,0.6335608959197998,0.1431104216300072,0.22392913699150085,0.21978677809238434,0.8058995604515076,16.160188674926758
S005,31,4,3,150,200,193,0.9829257161266074,0.3191912177718688,0.0032994928769767284,2.1756271616504055,0.048607077449560165,-1.7350623607635498,3.5236687660217285,0.23447643220424652,0.20252397656440735,0.6444017887115479,0.1435282549913965,0.22756874561309814,0.22382023930549622,0.8217489123344421,16.491453170776367
S005,32,4,4,200,200,193,0.9831136406346479,0.33562091678475997,0.0036891622003167868,2.2789094548168802,0.056440237909555435,-1.4423857927322388,1.9365663528442383,0.25693535804748535,0.20909422636032104,0.671367883682251,0.1761605679956308,0.23701712489128113,0.23762214183807373,0.8061704039573669,17.503999710083008
S005,33,4,5,250,200,193,0.9404816236677495,0.3133284467456362,0.0033846283331513405,2.1400492964603086,0.049956243485212326,-1.830968976020813,3.934610366821289,0.2256309986114502,0.1992083340883255,0.6281119585037231,0.13684631194336608,0.21650956571102142,0.22649133205413818,0.7905199527740479,16.069616317749023
S005,34,4,6,300,200,193,0.7649869795162286,0.2999875381637716,0.0031896173022687435,2.091684942044312,0.03207525610923767,-2.000300645828247,4.8671441078186035,0.21828660368919373,0.20004895329475403,0.6274899244308472,0.12991752939112125,0.19244742393493652,0.23012281954288483,0.7412110567092896,15.658745765686035
S005,35,5,0,0,250,193,0.4921205938414454,,,,,,,,,,,,,,
S005,36,5,1,50,250,193,0.7954039034604956,0.27921679876778793,0.00234098918735981,1.9107051223979978,0.03815644979476929,-2.3332886695861816,7.4067792892456055,0.1886269897222519,0.17553846538066864,0.5372222065925598,0.08964493047117592,0.19569221138954163,0.19916470348834991,0.761151909828186,14.270970344543457
S005,37,5,2,100,250,193,0.9300115439340654,0.29466186729088384,0.002603410044685006,2.0151892973359717,0.03840073570609093,-2.003260612487793,5.0727691650390625,0.20770543813705444,0.1867203265428543,0.5895789265632629,0.11592864153339877,0.21680261194705963,0.19955511391162872,0.7792525887489319,15.15343952178955
S005,38,5,3,150,250,193,0.946387822491879,0.3071209715971838,0.002638414269313216,2.0953826993934612,0.0419970378279686,-1.5250144004821777,2.3882532119750977,0.22595305740833282,0.18101772665977478,0.5894265174865723,0.12603540224668103,0.23032882809638977,0.20315492153167725,0.7618621587753296,15.854362487792969
S005,39,5,4,200,250,193,0.9613143977019517,0.28929334213304625,0.002406943356618285,1.978512289324243,0.03824782744050026,-2.000378131866455,5.185376167297363,0.2039155811071396,0.18104590475559235,0.5685336589813232,0.10492068811438784,0.2106773406267166,0.19825664162635803,0.7831217050552368,14.79379653930664
S005,40,5,5,250,250,193,0.9090982308249886,0.2829471527644178,0.002472429070621729,1.9414189768665677,0.031146178022027016,-2.2365739345550537,6.668097496032715,0.19654548168182373,0.1826232224702835,0.5690533518791199,0.09957771018515785,0.20110949873924255,0.19903281331062317,0.7426980137825012,14.472671508789062
S005,41,5,6,300,250,193,0.7206099492603828,0.2608795088301996,0.0022593524772673845,1.7964456396711408,0.02345561608672142,-2.760509490966797,10.000426292419434,0.17337413132190704,0.1753663271665573,0.5321844816207886,0.07812383577974816,0.1717042624950409,0.19640713930130005,0.7182718515396118,13.407705307006836
S005,42,6,0,0,300,193,0.3971650245644178,,,,,,,,,,,,,,
S005,43,6,1,50,300,193,0.616311847297914,,,,,,,,,,,,,,
S005,44,6,2,100,300,193,0.7302209455287391,0.28280418118338724,0.0027007567696273327,1.9806221191343503,0.031731344759464264,-2.3204548358917236,7.533197402954102,0.19917787611484528,0.188060462474823,0.5698067545890808,0.10448529411764707,0.21096204221248627,0.1883433610200882,0.768301784992218,14.779534339904785
S005,45,6,3,150,300,193,0.7861419098499288,0.3004230326289608,0.003053368302062154,2.094359316502859,0.03456895053386688,-1.9343652725219727,4.617945671081543,0.21978417038917542,0.19260744750499725,0.6072591543197632,0.12823139705631253,0.2335796356201172,0.18893001973628998,0.7658089399337769,15.71939754486084
S005,46,6,4,200,300,193,0.7031061236543263,0.27311443033916655,0.0020503541454672813,1.8947513868910955,0.0263648834079504,-2.016270160675049,5.056049346923828,0.1871158480644226,0.1672569215297699,0.5320507287979126,0.0865979381443299,0.21157124638557434,0.17271102964878082,0.747029721736908,14.168351173400879
S005,47,6,5,250,300,193,0.7023544256221643,0.24167259045852643,0.001562161254696548,1.636183604119015,0.02383212000131607,-3.0346901416778564,14.22877311706543,0.151121124625206,0.15040959417819977,0.4436357319355011,0.05095176209769895,0.18206314742565155,0.158929705619812,0.7260971069335938,12.32103157043457
S005,48,6,6,300,300,193,0.6257886117748127,,,,,,,,,,,,,,
S006,0,0,0,0,0,193,0.33474724153668556,,,,,,,,,,,,,,
S006,1,0,1,50,0,193,0.5177320196515343,,,,,,,,,,,,,,
S006,2,0,2,100,0,193,0.5727670541491047,,,,,,,,,,,,,,
S006,3,0,3,150,0,193,0.574512067438052,,,,,,,,,,,,,,
S006,4,0,4,200,0,193,0.5832908265993718,,,,,,,,,,,,,,
S006,5,0,5,250,0,193,0.5836935219737442,,,,,,,,,,,,,,
S006,6,0,6,300,0,193,0.5059196220032752,,,,,,,,,,,,,,
S006,7,1,0,0,50,193,0.5353163843324653,,,,,,,,,,,,,,
S006,8,1,1,50,50,193,0.7956723670434106,0.2975234584508886,0.0030736366752535105,2.042422340712031,0.061810076236724854,-2.9074859619140625,14.632034301757812,0.21314075589179993,0.2024243026971817,0.6044760942459106,0.09700384641338822,0.21031513810157776,0.2104465514421463,0.8453644514083862,15.386926651000977
S006,9,1,2,100,50,193,0.862466106472657,0.31760299357436916,0.0029862665105611086,2.1695319884663116,0.07358807325363159,-2.0695183277130127,6.277057647705078,0.23071756958961487,0.19019943475723267,0.6075165271759033,0.10580215401855195,0.23286010324954987,0.21598109602928162,0.8438351154327393,16.621614456176758
S006,10,1,3,150,50,193,0.892131332384762,0.33647356253173044,0.0034518891479820013,2.2900610201348326,0.09371443092823029,-1.7214406728744507,3.8266916275024414,0.2570384442806244,0.20099058747291565,0.6511059999465942,0.13902681231380337,0.2508717179298401,0.2242272049188614,0.8819160461425781,17.751590728759766
S006,11,1,4,200,50,193,0.903084646567693,0.31947041429092465,0.0028246124275028706,2.1837338087840648,0.08230163902044296,-1.7805132865905762,4.455146312713623,0.23145008087158203,0.182339608669281,0.5905256867408752,0.10743482267606053,0.23630744218826294,0.21498869359493256,0.884056568145752,16.787246704101562
S006,12,1,5,250,50,193,0.8269483744530054,0.3117688187882193,0.002978401957079768,2.1380135277884884,0.06665561348199844,-2.20268177986145,7.117483139038086,0.21720880270004272,0.18622688949108124,0.574735701084137,0.09398435217348959,0.22645501792430878,0.21428467333316803,0.8331934809684753,16.294513702392578
S006,13,1,6,300,50,193,0.7247979811538565,0.2778047382854948,0.0020186917390674353,1.898441496780786,0.0619388185441494,-2.50589919090271,9.490619659423828,0.1797623187303543,0.15908358991146088,0.48904916644096375,0.05800429661456404,0.19861193001270294,0.19423896074295044,0.8559057712554932,14.310684204101562
S006,14,2,0,0,100,193,0.6420575048994603,,,,,,,,,,,,,,
S006,15,2,1,50,100,193,0.8646138151359768,0.333054757553388,0.0037271035835146904,2.298349741474863,0.07632046192884445,-1.9686253070831299,5.303133010864258,0.24872758984565735,0.2025177925825119,0.6563758850097656,0.1305036328634416,0.2279026359319687,0.2428700476884842,0.8454271554946899,17.82457733154297
S006,16,2,2,100,100,193,0.9550591962200328,0.3423032538841827,0.0033795488998293877,2.3238198741257285,0.08136559277772903,-1.637545108795166,3.644312858581543,0.2609361410140991,0.19874033331871033,0.6499334573745728,0.14029515108924806,0.24590951204299927,0.23811767995357513,0.8588083982467651,18.257341384887695
S006,17,2,3,150,100,193,0.9843754194743483,0.33979986495801123,0.0033091031946241856,2.3051251883621675,0.09951035678386688,-1.5328729152679443,2.9866857528686523,0.2555348575115204,0.19008055329322815,0.6268206238746643,0.13341696893664604,0.24467603862285614,0.2357914000749588,0.9285286068916321,18.013761520385742
S006,18,2,4,200,100,193,0.9833552578592714,0.3280552499608573,0.002818167442455888,2.2315342106004525,0.08858747780323029,-1.5683355331420898,3.188897132873535,0.24188871681690216,0.17930716276168823,0.5935909152030945,0.11408992874498348,0.23709261417388916,0.22673186659812927,0.9179950952529907,17.383024215698242
S006,19,2,5,250,100,193,0.9593546135466724,0.3148863179965517,0.0025852087419480085,2.1502352180236555,0.07558596879243851,-1.8377286195755005,4.865015506744385,0.2212851494550705,0.17454957962036133,0.563630998134613,0.09243039037358332,0.22241011261940002,0.22290611267089844,0.8642380833625793,16.598546981811523
S006,20,2,6,300,100,193,0.8168272973771108,0.310673422874932,0.002546119736507535,2.138509718018121,0.0678592324256897,-2.080394744873047,6.666101455688477,0.21414892375469208,0.1752844750881195,0.5543060898780823,0.08440149871820153,0.2087704837322235,0.23007142543792725,0.8463172316551208,16.549570083618164
S006,21,3,0,0,150,193,0.6371446213321162,,,,,,,,,,,,,,
S006,22,3,1,50,150,193,0.9046417353485999,0.33567423809664354,0.0035592960193753242,2.300868481224223,0.09845332056283951,-1.7202752828598022,3.9503908157348633,0.25614988803863525,0.2000548392534256,0.65065997838974,0.13938926313915184,0.2304619401693344,0.24405837059020996,0.8999813795089722,17.833580017089844
S006,23,3,2,100,150,193,0.9707106231039759,0.3409494992745444,0.003327947575598955,2.316848830023855,0.0986662209033966,-1.4811416864395142,2.615967273712158,0.26197195053100586,0.19269318878650665,0.6427803039550781,0.14168372144477018,0.23947547376155853,0.24268922209739685,0.9303282499313354,18.125102996826172
S006,24,3,3,150,150,193,0.9975838277537652,0.3450153702231166,0.003140796674415469,2.330987527831165,0.10943140089511871,-1.319921612739563,1.985990047454834,0.25543874502182007,0.17995589971542358,0.6049826741218567,0.12718318576926183,0.24450930953025818,0.24341487884521484,0.9896042346954346,18.457149505615234
S006,25,3,4,200,150,193,0.9961878171226073,0.3257961989073736,0.0026968454476445913,2.2175541365612363,0.11127787083387375,-1.4776933193206787,2.6862845420837402,0.2343226820230484,0.17056910693645477,0.5687482953071594,0.10272994313741343,0.2299855351448059,0.23075921833515167,0.9853156805038452,17.272911071777344
S006,26,3,5,250,150,193,0.9789524550994657,0.32757448929429134,0.0029357352759689093,2.2342503027058074,0.0879676342010498,-1.5592056512832642,3.179637908935547,0.23955872654914856,0.17752386629581451,0.5842829346656799,0.10881667352255588,0.2293165922164917,0.23392081260681152,0.903856635093689,17.29763412475586
S006,27,3,6,300,150,193,0.8683186125802035,0.3374021260437358,0.003322686767205596,2.3145711755347085,0.08330199867486954,-1.5979527235031128,3.264224052429199,0.24702271819114685,0.18413428962230682,0.6140835881233215,0.12033143705169429,0.2258874624967575,0.2506293058395386,0.879977285861969,18.124534606933594
S006,28,4,0,0,200,193,0.670299873822116,,,,,,,,,,,,,,
S006,29,4,1,50,200,193,0.9119707911621788,0.3349470340552302,0.0035567174199968576,2.2966365004374385,0.08290985971689224,-1.8067907094955444,4.695858478546143,0.253454327583313,0.20035815238952637,0.6432024240493774,0.13662054754194877,0.23032093048095703,0.24319083988666534,0.8825764656066895,17.819555282592773
S006,30,4,2,100,200,193,0.9895836129828989,0.3308607847667751,0.00296315411105752,2.2551357593523305,0.1060696542263031,-1.4443986415863037,2.4194140434265137,0.24794243276119232,0.17838245630264282,0.600604236125946,0.12129350804373186,0.2319977879524231,0.23589380085468292,0.9711023569107056,17.532678604125977
S006,31,4,3,150,200,193,0.9968052833633118,0.3204136420996791,0.0026538113597780466,2.187767311180435,0.1106548011302948,-1.481809377670288,2.5446348190307617,0.23230388760566711,0.17166097462177277,0.5714369416236877,0.10118502558577969,0.22233763337135315,0.23071818053722382,0.9937953352928162,16.895849227905273
S006,32,4,4,200,200,193,0.9948186528497409,0.33331582741031085,0.003047119826078415,2.266285496444874,0.10441853851079941,-1.4624289274215698,2.3889360427856445,0.24982458353042603,0.1818486452102661,0.609428346157074,0.12543177892918825,0.2350042760372162,0.23637349903583527,0.966370165348053,17.643253326416016
S006,33,4,5,250,200,193,0.9760262020456925,0.32685502175971926,0.0029439532663673162,2.2319221215890086,0.09497960656881332,-1.5755761861801147,3.111508369445801,0.24869419634342194,0.1826462298631668,0.6044903993606567,0.12264825613378809,0.22272638976573944,0.23922199010849,0.9142149686813354,17.2729549407959
S006,34,4,6,300,200,193,0.8972052941018551,0.31416589732440364,0.002950509777292609,2.1728157135668025,0.08340534567832947,-1.9349790811538696,5.278403282165527,0.23057010769844055,0.18599840998649597,0.6023032069206238,0.1070915619389587,0.2098839432001114,0.23377113044261932,0.8866949677467346,16.59619903564453
S006,35,5,0,0,250,193,0.6243120620687803,,,,,,,,,,,,,,
S006,36,5,1,50,250,193,0.8795940830626325,0.2971890867796889,0.0023910512682050467,2.0426831121574556,0.07709076255559921,-2.080813407897949,6.15499210357666,0.20532843470573425,0.17048372328281403,0.5424404740333557,0.08127823220607984,0.2071881890296936,0.21305963397026062,0.8829268217086792,15.518550872802734
S006,37,5,2,100,250,193,0.9711938575532229,0.3125164942258511,0.002603865461423993,2.1428477700273922,0.09391019493341446,-1.680692434310913,3.6739630699157715,0.22903360426425934,0.173772394657135,0.5669218301773071,0.10006634232640424,0.22346404194831848,0.21847283840179443,0.9304966926574707,16.437847137451172
S006,38,5,3,150,250,193,0.9819055545115305,0.3172437029007009,0.002723139012232423,2.17122866091205,0.10334832221269608,-1.6069000959396362,3.169218063354492,0.2306343913078308,0.17536912858486176,0.5806827545166016,0.1043609022556391,0.22663737833499908,0.22198888659477234,0.9385722875595093,16.647329330444336
S006,39,5,4,200,250,193,0.9798115385647936,0.31605823980395376,0.0029468585271388292,2.1671411184993725,0.09738646447658539,-1.8420562744140625,4.562103271484375,0.2367907017469406,0.1871718168258667,0.6060895323753357,0.11496835356330658,0.22394904494285583,0.22302384674549103,0.9364148378372192,16.539230346679688
S006,40,5,5,250,250,193,0.9630594109908991,0.31233110282610677,0.0030329895671457052,2.149862761883206,0.08871156722307205,-2.0279505252838135,5.662635803222656,0.23448015749454498,0.19333148002624512,0.6179273724555969,0.11415270537730327,0.21474814414978027,0.22679054737091064,0.9021717309951782,16.339826583862305
S006,41,5,6,300,250,193,0.8915138661440576,0.2937276405098693,0.0026872861199080944,2.0488262475122054,0.06432195752859116,-2.4286789894104004,8.683977127075195,0.20996429026126862,0.18716003000736237,0.5831068158149719,0.08997831847747531,0.1960337907075882,0.2187388390302658,0.8660166263580322,15.537540435791016
S006,42,6,0,0,300,193,0.5261080834384816,,,,,,,,,,,,,,
S006,43,6,1,50,300,193,0.7162876855754516,0.2787335879605736,0.002382391830906272,1.9457054345052123,0.06441908329725266,-2.5813522338867188,9.610941886901855,0.19445770978927612,0.17557767033576965,0.533931314945221,0.07473483002885949,0.20315688848495483,0.19083943963050842,0.861363410949707,14.629659652709961
S006,44,6,2,100,300,193,0.8709495556927703,0.30010542567537385,0.00264907069504261,2.0944781795442555,0.06941989064216614,-2.095597267150879,6.296957969665527,0.21196962893009186,0.17622220516204834,0.5599852800369263,0.08926699956846064,0.2210593968629837,0.20296800136566162,0.8645981550216675,15.937451362609863
S006,45,6,3,150,300,193,0.8962119788450696,0.30957650516524016,0.0029188692569732666,2.1513337659858918,0.08825305104255676,-2.012775182723999,6.150803565979004,0.22591450810432434,0.18026714026927948,0.5833191275596619,0.1018482461132912,0.2279851734638214,0.20942868292331696,0.9150192737579346,16.39413070678711
S006,46,6,4,200,300,193,0.9106821659641869,0.30715249615374574,0.002704174956306815,2.134600973914888,0.07713044434785843,-1.9470423460006714,5.117593765258789,0.22644847631454468,0.18332156538963318,0.5971915125846863,0.10276516714816343,0.22377116978168488,0.21040228009223938,0.9028308987617493,16.336252212524414
S006,47,6,5,250,300,193,0.8872452951757094,0.2820431941089763,0.002523604780435562,1.9697046277659545,0.06742198020219803,-2.4878504276275635,8.6526460647583,0.20191678404808044,0.18709853291511536,0.5753275156021118,0.08723410693213107,0.2042447328567505,0.19450566172599792,0.8694809079170227,14.78852367401123
S006,48,6,6,300,300,193,0.7811216408494188,0.252664156989121,0.0019629294984042645,1.7747481838321353,0.05197964236140251,-2.7602386474609375,10.84052848815918,0.17073139548301697,0.1626809686422348,0.5014457702636719,0.06055815232334341,0.1745644062757492,0.18266484141349792,0.8469024300575256,13.258760452270508
S007,0,0,0,0,0,193,0.4645225375177857,,,,,,,,,,,,,,
S007,1,0,1,50,0,193,0.47708663319820666,,,,,,,,,,,,,,
S007,2,0,2,100,0,193,0.5201213455394775,,,,,,,,,,,,,,
S007,3,0,3,150,0,193,0.6700582565974925,,,,,,,,,,,,,,
S007,4,0,4,200,0,193,0.6909715697065693,,,,,,,,,,,,,,
S007,5,0,5,250,0,193,0.6428897420064968,,,,,,,,,,,,,,
S007,6,0,6,300,0,193,0.514268839431931,,,,,,,,,,,,,,
S007,7,1,0,0,50,193,0.6312921152245697,,,,,,,,,,,,,,
S007,8,1,1,50,50,193,0.7939810464710462,0.35502656101110724,0.006347292568534613,2.47943893402699,0.06511817872524261,-2.216433525085449,6.6605424880981445,0.2665450870990753,0.23602484166622162,0.7392405271530151,0.103229078613694,0.24971634149551392,0.252360075712204,0.9197890758514404,19.489349365234375
S007,9,1,2,100,50,193,0.8557545168997825,0.3766269293524754,0.0072260103188455105,2.5659577225872767,0.09500236064195633,-2.112642288208008,5.894156455993652,0.286093533039093,0.24451318383216858,0.7664560675621033,0.1137846655791191,0.27341538667678833,0.25902098417282104,0.934030294418335,20.571075439453125
S007,10,1,3,150,50,193,0.873848962388252,0.41429759413464823,0.00881323404610157,2.7614704455573023,0.08398958295583725,-1.5752100944519043,3.1377458572387695,0.3109956383705139,0.25223490595817566,0.8093081116676331,0.13981566820276498,0.3153843283653259,0.268654465675354,0.8998264074325562,23.00069808959961
S007,11,1,4,200,50,193,0.9015812505033692,0.3786539370309014,0.006510382052510977,2.567142056208235,0.09148931503295898,-1.8887183666229248,4.778995990753174,0.2813456356525421,0.2328464239835739,0.7445976734161377,0.11324181877735759,0.2815842032432556,0.2531583309173584,0.9407978057861328,20.554765701293945
S007,12,1,5,250,50,193,0.8413648688555397,0.3752289084735597,0.006763658951967955,2.545729411194614,0.08053594827651978,-1.9466509819030762,4.670114040374756,0.27719494700431824,0.2380269169807434,0.7611706256866455,0.11104020421186982,0.2758274972438812,0.25439324975013733,0.9090940952301025,20.20672035217285
S007,13,1,6,300,50,193,0.7424628849096621,0.308925344686117,0.0037433302495628595,2.1555654062793086,0.08275559544563293,-2.6128811836242676,9.839715003967285,0.21129414439201355,0.19297698140144348,0.5860005617141724,0.05655192363320798,0.2207385152578354,0.2161235213279724,0.9468806385993958,16.33683967590332
S007,14,2,0,0,100,193,0.7589465489006416,0.3198872002445269,0.004807462450116873,2.3583117469154846,0.06298576295375824,-2.274498462677002,7.290769577026367,0.23401114344596863,0.21697695553302765,0.6646848917007446,0.07683056243367527,0.2061414271593094,0.24460893869400024,0.9381776452064514,18.328353881835938
S007,15,2,1,50,100,193,0.892721952267175,0.3820965029841077,0.007904554717242718,2.612088942560105,0.10529155284166336,-1.904632568359375,4.4153666496276855,0.2816334664821625,0.24703741073608398,0.771186113357544,0.11653083932276787,0.2576768100261688,0.2821354269981384,0.9580844044685364,20.97743034362793
S007,16,2,2,100,100,193,0.9195146178420898,0.4301100490576442,0.009163777343928814,2.8202310224077407,0.09798949211835861,-1.4349268674850464,2.2781853675842285,0.3076128363609314,0.250273197889328,0.8023512363433838,0.13763101807246503,0.30757591128349304,0.3006521463394165,0.936737060546875,23.808788299560547
S007,17,2,3,150,100,193,0.9650997342210529,0.40274635787591784,0.007178185973316431,2.669366499808915,0.12222204357385635,-1.4205039739608765,1.993208408355713,0.2935446500778198,0.2321026474237442,0.7568956017494202,0.12317449720437286,0.29639115929603577,0.27268463373184204,0.9599286913871765,21.682313919067383
S007,18,2,4,200,100,193,0.9597036162044619,0.404575961750062,0.007212333846837282,2.6837285132780178,0.13005445897579193,-1.3818467855453491,1.8161287307739258,0.3039606809616089,0.24181972444057465,0.7896738052368164,0.1352802954011413,0.2987375855445862,0.2728324830532074,0.9716948866844177,21.898330688476562
S007,19,2,5,250,100,193,0.9315686327149723,0.37366728711634084,0.006533885840326548,2.5265643069832993,0.11754413694143295,-1.9238134622573853,4.609982967376709,0.2755885124206543,0.23912152647972107,0.7512277960777283,0.11020172910662825,0.2744868993759155,0.25354325771331787,0.9249745011329651,19.97085952758789
S007,20,2,6,300,100,193,0.838733925742973,0.3367487543293929,0.004654720891267061,2.3331576489785917,0.08571469783782959,-2.281067132949829,6.951915740966797,0.24833013117313385,0.22094519436359406,0.6831863522529602,0.0850457717175597,0.22466140985488892,0.2508524954319,0.9221442937850952,18.04508399963379
S007,21,3,0,0,150,193,0.8072968401836291,0.3335740150368533,0.004501672927290201,2.40728517638236,0.07383032143115997,-1.87538480758667,4.770270824432373,0.2381485104560852,0.20139847695827484,0.6412675380706787,0.07572079412058129,0.21482090651988983,0.2551932632923126,0.9573887586593628,18.888843536376953
S007,22,3,1,50,150,193,0.9201052377245027,0.3836354813588907,0.0068426430225372314,2.609221056714952,0.10283834487199783,-1.6472270488739014,3.1926188468933105,0.28734472393989563,0.23658724129199982,0.758695125579834,0.12073643976307881,0.26139888167381287,0.28079673647880554,0.9669784903526306,20.942670822143555
S007,23,3,2,100,150,193,0.9496899245617332,0.44462827908283886,0.009590953588485718,2.8836859720181782,0.10115516930818558,-1.213889241218567,1.3079156875610352,0.33630090951919556,0.2552874982357025,0.8354759216308594,0.16412720848056536,0.2983548641204834,0.3296644985675812,0.9285106062889099,24.739398956298828
S007,24,3,3,150,150,193,0.9822814035276115,0.3929682151387479,0.006651191506534815,2.6232621018337676,0.13682959973812103,-1.4894602298736572,2.2372593879699707,0.2894878685474396,0.23250609636306763,0.7523480653762817,0.12290579135805843,0.2744534909725189,0.28124597668647766,1.04936945438385,21.143657684326172
S007,25,3,4,200,150,193,0.9800800021477086,0.3897827652693974,0.006130290683358908,2.6040977814740054,0.14571450650691986,-1.383070468902588,1.7505555152893066,0.2922031283378601,0.23106245696544647,0.7537446618080139,0.1248527679623086,0.28477975726127625,0.2661411166191101,1.0288772583007812,20.99043083190918
S007,26,3,5,250,150,193,0.9622003275255712,0.39310190970461417,0.0069237444549798965,2.6382505094799313,0.12540662288665771,-1.5542484521865845,2.7671470642089844,0.2997775673866272,0.23918601870536804,0.7706257700920105,0.1292095644652772,0.2800131142139435,0.275901734828949,0.9697366952896118,21.315887451171875
S007,27,3,6,300,150,193,0.8762114419179038,0.3727093283546246,0.005973358638584614,2.557030846267841,0.09811075776815414,-1.6042429208755493,2.909245014190674,0.27989429235458374,0.22896383702754974,0.7422677278518677,0.11180219376187267,0.25159144401550293,0.27497997879981995,0.9060831665992737,20.395322799682617
S007,28,4,0,0,200,193,0.7405299471126742,0.3325149702535233,0.005248758010566235,2.3916256806310305,0.0761055052280426,-1.9554234743118286,5.048336029052734,0.2449166476726532,0.21612374484539032,0.671288788318634,0.0872969837587007,0.22164946794509888,0.24786633253097534,0.9765055179595947,18.47115135192871
S007,29,4,1,50,200,193,0.9294477704099439,0.3868596113374676,0.00754149816930294,2.61802159435065,0.1037449836730957,-1.8875360488891602,4.667236328125,0.28124165534973145,0.24086274206638336,0.7579805850982666,0.11221512954565148,0.2613428831100464,0.285237193107605,0.9880238771438599,21.14377212524414
S007,30,4,2,100,200,193,0.9616365540014497,0.4226606932571091,0.008173499256372452,2.7919169767842003,0.12067940831184387,-1.3352439403533936,1.7945866584777832,0.3130824863910675,0.2412680685520172,0.7892485857009888,0.13721384701284198,0.3021670877933502,0.2955285310745239,1.005013346672058,23.458385467529297
S007,31,4,3,150,200,193,0.9859056618969637,0.39955371926360217,0.006684489082545042,2.658603935340024,0.13545507192611694,-1.4254432916641235,1.928267478942871,0.2866688668727875,0.22397683560848236,0.7363041043281555,0.11414878553534473,0.2822723090648651,0.2827817499637604,1.0594731569290161,21.678651809692383
S007,32,4,4,200,200,193,0.9812343955542431,0.40510984188718624,0.006608536932617426,2.679668941643251,0.136282816529274,-1.351467490196228,1.9216203689575195,0.2972750961780548,0.2339806705713272,0.759231686592102,0.12678522571819426,0.2909771203994751,0.28186219930648804,0.9812538623809814,22.012760162353516
S007,33,4,5,250,200,193,0.9560793578351097,0.3916397513937926,0.00659932428970933,2.6335518841941146,0.12398411333560944,-1.5940485000610352,3.2127952575683594,0.2980169951915741,0.23511682450771332,0.7601377964019775,0.12509476876421532,0.27702799439430237,0.2768342196941376,0.9834564924240112,21.400680541992188
S007,34,4,6,300,200,193,0.9006684743214582,0.36726124088044126,0.006076736841350794,2.529921288618132,0.08378951996564865,-1.744299054145813,3.6363039016723633,0.27762743830680847,0.23527301847934723,0.7608369588851929,0.11210468270291216,0.2411273568868637,0.2770169973373413,0.9035948514938354,20.02696990966797
S007,35,5,0,0,250,193,0.7196703267201804,0.3232616066434946,0.0044287205673754215,2.3108349581953704,0.060838356614112854,-2.3564367294311523,8.01891803741455,0.22250355780124664,0.20133569836616516,0.6235610246658325,0.06654978177341739,0.214737668633461,0.24163153767585754,0.9695395231246948,17.901147842407227
S007,36,5,1,50,250,193,0.9178769899863084,0.3498978022645734,0.00600034836679697,2.4255981577189196,0.08842664211988449,-2.224219560623169,6.352991104125977,0.2520586848258972,0.2254720777273178,0.6933442950248718,0.08976308862240422,0.2434580773115158,0.2513098418712616,0.9807969927787781,18.91969871520996
S007,37,5,2,100,250,193,0.9341190367526645,0.39278879022843743,0.007860109210014343,2.653360629384424,0.10668089240789413,-1.703104853630066,3.307894229888916,0.2807120978832245,0.23433931171894073,0.7426722049713135,0.11421181204196006,0.2820100486278534,0.2734106183052063,0.9871509671211243,21.38870620727539
S007,38,5,3,150,250,193,0.9805363902386641,0.37164811155641025,0.0058320858515799046,2.5146604902463996,0.09544984996318817,-1.792957067489624,4.053553104400635,0.27160483598709106,0.22106696665287018,0.7094922661781311,0.09960573869236666,0.26365241408348083,0.2619345784187317,1.0326744318008423,19.867361068725586
S007,39,5,4,200,250,193,0.9599452334290853,0.38701549541588876,0.007043978199362755,2.606852534245734,0.12132897973060608,-1.6338670253753662,2.9040985107421875,0.2873562276363373,0.23976582288742065,0.7609597444534302,0.11919344464021031,0.29007184505462646,0.25620171427726746,0.9786362648010254,20.829578399658203
S007,40,5,5,250,250,193,0.9024940266852801,0.403299177934554,0.009283069521188736,2.714775051115585,0.10521812736988068,-1.838423728942871,4.0529351234436035,0.32137688994407654,0.26969200372695923,0.8668915033340454,0.15028110777285303,0.27942681312561035,0.2908107340335846,0.9340797662734985,22.378154754638672
S007,41,5,6,300,250,193,0.8365862170796532,0.35476851958578864,0.006357661914080381,2.4747814088388154,0.08091116696596146,-2.1570937633514404,5.757684707641602,0.2650214433670044,0.2371627539396286,0.7399120926856995,0.10118092548616905,0.24007272720336914,0.2612006664276123,0.8943265080451965,19.42476463317871
S007,42,6,0,0,300,193,0.5909957314290316,,,,,,,,,,,,,,
S007,43,6,1,50,300,193,0.7843432038443985,0.3260997804354397,0.005070951767265797,2.293297018047673,0.10418771207332611,-2.5931105613708496,9.573009490966797,0.22119814157485962,0.2079389989376068,0.6239317655563354,0.0674630339539978,0.23374180495738983,0.2273891717195511,0.9880571365356445,17.601547241210938
S007,44,6,2,100,300,193,0.8738221160299605,0.3776307635240378,0.0077405767515301704,2.610158207944013,0.08175032585859299,-1.9684206247329712,4.747864723205566,0.27479520440101624,0.24020260572433472,0.7521172165870667,0.10869765584196135,0.27301424741744995,0.2608988583087921,0.9819250106811523,21.011571884155273
S007,45,6,3,150,300,193,0.8937958065988348,0.38150423062175454,0.00737597094848752,2.613703871885622,0.09589211642742157,-1.8271349668502808,4.5374932289123535,0.2824418246746063,0.2375774085521698,0.748473048210144,0.11236596281500616,0.28957340121269226,0.24838019907474518,0.9782952070236206,21.05893325805664
S007,46,6,4,200,300,193,0.8848291229294746,0.3674142703202526,0.007435681764036417,2.518962207768946,0.10703445225954056,-2.277522087097168,6.990420341491699,0.2783609926700592,0.25133422017097473,0.7661171555519104,0.11186625807821839,0.27277812361717224,0.24614089727401733,0.970384955406189,20.017318725585938
S007,47,6,5,250,300,193,0.7654433676071841,0.3681682369225117,0.006794728338718414,2.5642702921388127,0.07816940546035767,-1.9553359746932983,4.90864372253418,0.2771330773830414,0.2372499257326126,0.7565363645553589,0.11181257014590348,0.2703867554664612,0.2498776763677597,0.906276524066925,20.468725204467773
S007,48,6,6,300,300,193,0.6992670944186421,,,,,,,,,,,,,,
